[Header],,,,,,,,,
IEMFileVersion,5,,,,,,,,
Experiment Name,SNP003,,,,,,,,
Date,08/04/2021,,,,,,,,
Workflow,GenerateFASTQ,,,,,,,,
Application,FASTQ Only,,,,,,,,
Instrument Type,MiSeq,,,,,,,,
Assay,TruSeq Custom Amplicon,,,,,,,,
Index Adapters,TruSeq Custom Amplicon,,,,,,,,
Description,NimaGen EasySeq RC-PCR SampleQC,,,,,,,,
Chemistry,Amplicon,,,,,,,,
,,,,,,,,,
[Reads],,,,,,,,,
149,,,,,,,,,
149,,,,,,,,,
,,,,,,,,,
[Settings],,,,,,,,,
ReverseComplement,0,,,,,,,,
,,,,,,,,,
[Data],,,,,,,,,
Sample_ID,Sample_Name,Sample_Plate,Sample_Well,I7_Index_ID,index,I5_Index_ID,index2,Sample_Project,Description
SNP003_01_123456_1234567890_AB_F_SNPIDv2_Pan4009,SNP003_01_123456_1234567890_AB_F_SNPIDv2_Pan4009,RCPCR96,A08,7057,ATGCCTCTTC,5057,GATAAGGCAA,,
SNP003_02_123456_1234567890_AB_M_SNPIDv2_Pan4009,SNP003_02_123456_1234567890_AB_M_SNPIDv2_Pan4009,RCPCR96,B08,7058,GGTAACTACG,5058,TATCCTCAAT,,
SNP003_03_123456_1234567890_AB_F_SNPIDv2_Pan4009,SNP003_03_123456_1234567890_AB_F_SNPIDv2_Pan4009,RCPCR96,C08,7059,ATCTAGTTAG,5059,CCAGGCCGCA,,
SNP003_04_123456_1234567890_AB_M_SNPIDv2_Pan4009,SNP003_04_123456_1234567890_AB_M_SNPIDv2_Pan4009,RCPCR96,D08,7060,TTGACTTCGT,5060,CAAGGCATTC,,
SNP003_05_123456_1234567890_AB_M_SNPIDv2_Pan4009,SNP003_05_123456_1234567890_AB_M_SNPIDv2_Pan0009,RCPCR96,E08,7061,GGATTCTCGG,5061,GGACTACTAC,,
SNP003_06_123456_1234567890_AB_F_SNPIDv2_Pan4009,SNP003_06_123456_1234567890_AB_F_SNPIDv2_Pan4009,RCPCR96,F08,7062,AACGCAATGG,5062,CAAGTCGACC,,
SNP003_07_123456_1234567890_AB_M_SNPIDv2_Pan4009,SNP003_07_123456_1234567890_AB_M_SNPIDv2_Pan4009,RCPCR96,G08,7063,GCGGCGCAAG,5063,ATCATGGCTG,,
SNP003_08_123456_1234567890_AB_M_SNPIDv2_Pan4009,SNP003_08_123456_1234567890_AB_M_SNPIDv2_Pan4009,RCPCR96,H08,7064,TGGCTGACCA,5064,CCGTTCGGAT,,
SNP003_09_123456_1234567890_AB_F_SNPIDv2_Pan4009,SNP003_09_123456_1234567890_AB__SNPIDv2_Pan4009,RCPCR96,A09,7065,GAGACGTTCT,5065,AACTGCTGCC,,
SNP003_10_123456_1234567890_AB_F_SNPIDv2_Pan4009,SNP003_10_123456_1234567890_AB_F_SNPIDv2_Pan4009,RCPCR96,B09,7066,TACCGCTCCT,5066,TTGGACGCTG,,
SNP003_11_123456_1234567890_AB_M_SNPIDv2_Pan4009,SNP003_11_123456_1234567890_AB_M_SNPIDv2_Pan4009,RCPCR96,C09,7067,CAGGAATCGG,5067,TGGCTGATGA,,
SNP003_12_123456_1234567890_AB_M_SNPIDv2_Pan4009,SNP003_12_123456_1234567890_AB_M_SNPIDv2_Pan4009,RCPCR96,D09,7068,GGCGTCTGCC,5068,GTTCTGAATT,,
SNP003_13_123456_1234567890_AB_F_SNPIDv2_Pan4009,SNP003_13_123456_1234567890_AB_F_SNPIDv2_Pan4009,RCPCR96,E09,7069,GGCGGATACC,5069,GCCGGTCGAG,,
SNP003_14_123456_1234567890_AB_F_SNPIDv2_Pan4009,SNP003_14_123456_1234567890_AB_F_SNPIDv2_Pan4009,RCPCR96,F09,7070,GATGATTGGA,5070,GCCGTCGCGT,,
SNP003_15_123456_1234567890_AB_F_SNPIDv2_Pan4009,SNP003_15_123456_123_AB_F_SNPIDv2_Pan4009,RCPCR96,G09,7071,AAGTTCCAGC,5071,CAGGTATGGA,,
SNP003_16_123456_1234567890_AB_M_SNPIDv2_Pan4009,SNP003_16_123456_1234567890_AB_M_SNPIDv2_Pan4009,RCPCR96,H09,7072,GTCGAGGTAA,5072,AAGAATGGAA,,
SNP003_17_123456_1234567890_AB_M_SNPIDv2_Pan4009,SNP003_17_123456_1234567890_AB_M_SNPIDv2_Pan4009,RCPCR96,A10,7073,TCGTTGCGGC,5073,GTATCATCGA,,
SNP003_18_123456_1234567890_AB_F_SNPIDv2_Pan4009,SNP003_18_123456_1234567890_AB_F_SNPIDv2_Pan4009,RCPCR96,B10,7074,GAATGAATAA,5074,TAACGAATTG,,
SNP003_19_123456_1234567890_AB_F_SNPIDv2_Pan4009,SNP003_19_123456_1234567890_AB_F_SNPIDv2_Pan4009,RCPCR96,C10,7075,CGCTACGATT,5075,CCGCAAGTTC,,
SNP003_20_123456_1234567890_AB_F_SNPIDv2_Pan4009,SNP003_20_123456_1234567890_AB_F_SNPIDv2_Pan4009,RCPCR96,D10,7076,ATTGCATAGT,5076,CCATAAGTCC,,
SNP003_21_123456_1234567890_AB_M_SNPIDv2_Pan4009,SNP003_21_123456_1234567890_AB_M_SNPIDv2_Pan4009,RCPCR96,E10,7077,TTGGAACTGG,5077,TGCGCGATGC,,
SNP003_22_123456_1234567890_AB_M_SNPIDv2_Pan4009,SNP003_22_123456_1234567890_AB_M_SNPIDv2_Pan4009,RCPCR96,F10,7078,CTAGCTTCTT,5078,ATAGACTAGG,,
SNP003_23_123456_1234567890_AB_M_SNPIDv2_Pan4009,SNP003_23_123456_1234567890_AB_M_SNPIDv2_Pan4009,RCPCR96,G10,7079,GGTTGGCGGT,5079,GAAGGTTGCC,,
SNP003_24_123456_1234567890_AB_F_SNPIDv2_Pan4009,SNP003_24_123456_1234567890_AB_F_SNPIDv2_Pan4009,RCPCR96,H10,7080,ATGACGGCTA,5080,GCTAACCTCA,,
SNP003_25_123456_1234567890_AB_M_SNPIDv2_Pan4009,SEE003_25_123456_1234567890_AB_M_SNPIDv2_Pan4009,RCPCR96,A11,7081,GCGCCTAGTT,5081,TGCGCCATCT,,
SNP003_26_123456_1234567890_AB_F_SNPIDv2_Pan4009,SNP003_26_123456_1234567890_AB_F_SNPIDv2_Pan4009,RCPCR96,B11,7082,ATTATCGATT,5082,CCGCTGCTTC,,
SNP003_27_123456_1234567890_AB_M_SNPIDv2_Pan4009,SNP003_27_123456_1234567890_AB_M_SNPIDv2_Pan4009,RCPCR96,C11,7083,GAACTAACCT,5083,CCGGAGTTGC,,
SNP003_28_123456_1234567890_AB_M_SNPIDv2_Pan4009,SNP003_28_123456_1234567890_AB_M_SNPIDv2_Pan4009,RCPCR96,D11,7084,GCTATCCTCC,5084,CGGATGAAGG,,
SNP003_29_123456_1234567890_AB_M_SNPIDv2_Pan4009,SNP003_29_123456_1234567890_AB_M_SNPIDv2_Pan4009,RCPCR96,E11,7085,GCCAGACTCA,5085,CCGCGATTAT,,
SNP003_30_123456_1234567890_AB_F_SNPIDv2_Pan4009,SNP003_30_123456_1234567890_AB_F_SNPIDv2_Pan4009,RCPCR96,F11,7086,GTTCGGAGAT,5086,TGAGAACCAA,,